,account_id,user_name,password,user_id
0,7001,jbutt@gmail.com,XXXXX,2001
1,7002,josephine_darakjy@darakjy.org,XXXXX,2002
2,7003,art@venere.org,XXXXX,2003
3,7004,lpaprocki@hotmail.com,XXXXX,2004
4,7005,donette.foller@cox.net,XXXXX,2005
5,7006,simona@morasca.com,XXXXX,2006
6,7007,mitsue_tollner@yahoo.com,XXXXX,2007
7,7008,leota@hotmail.com,XXXXX,2008
8,7009,sage_wieser@cox.net,XXXXX,2009
9,7010,kris@gmail.com,XXXXX,2010
10,7011,minna_amigon@yahoo.com,XXXXX,2011
11,7012,amaclead@gmail.com,XXXXX,2012
12,7013,kiley.caldarera@aol.com,XXXXX,2013
13,7014,gruta@cox.net,XXXXX,2014
14,7015,calbares@gmail.com,XXXXX,2015
15,7016,mattie@aol.com,XXXXX,2016
16,7017,meaghan@hotmail.com,XXXXX,2017
17,7018,gladys.rim@rim.org,XXXXX,2018
18,7019,yuki_whobrey@aol.com,XXXXX,2019
19,7020,fletcher.flosi@yahoo.com,XXXXX,2020
20,7021,bette_nicka@cox.net,XXXXX,2021
21,7022,vinouye@aol.com,XXXXX,2022
22,7023,willard@hotmail.com,XXXXX,2023
23,7024,mroyster@royster.com,XXXXX,2024
24,7025,alisha@slusarski.com,XXXXX,2025
25,7026,allene_iturbide@cox.net,XXXXX,2026
26,7027,chanel.caudy@caudy.org,XXXXX,2027
27,7028,ezekiel@chui.com,XXXXX,2028
28,7029,wkusko@yahoo.com,XXXXX,2029
29,7030,bfigeroa@aol.com,XXXXX,2030
30,7031,ammie@corrio.com,XXXXX,2031
31,7032,francine_vocelka@vocelka.com,XXXXX,2032
32,7033,ernie_stenseth@aol.com,XXXXX,2033
33,7034,albina@glick.com,XXXXX,2034
34,7035,asergi@gmail.com,XXXXX,2035
35,7036,solange@shinko.com,XXXXX,2036
36,7037,jose@yahoo.com,XXXXX,2037
37,7038,rozella.ostrosky@ostrosky.com,XXXXX,2038
38,7039,valentine_gillian@gmail.com,XXXXX,2039
39,7040,kati.rulapaugh@hotmail.com,XXXXX,2040
40,7041,youlanda@aol.com,XXXXX,2041
41,7042,doldroyd@aol.com,XXXXX,2042
42,7043,roxane@hotmail.com,XXXXX,2043
43,7044,lperin@perin.org,XXXXX,2044
44,7045,erick.ferencz@aol.com,XXXXX,2045
45,7046,fsaylors@saylors.org,XXXXX,2046
46,7047,jina_briddick@briddick.com,XXXXX,2047
47,7048,kanisha_waycott@yahoo.com,XXXXX,2048
48,7049,emerson.bowley@bowley.org,XXXXX,2049
49,7050,bmalet@yahoo.com,XXXXX,2050
50,7051,bbolognia@yahoo.com,XXXXX,2051
51,7052,lnestle@hotmail.com,XXXXX,2052
52,7053,sabra@uyetake.org,XXXXX,2053
53,7054,mmastella@mastella.com,XXXXX,2054
54,7055,karl_klonowski@yahoo.com,XXXXX,2055
55,7056,twenner@aol.com,XXXXX,2056
56,7057,amber_monarrez@monarrez.org,XXXXX,2057
57,7058,shenika@gmail.com,XXXXX,2058
58,7059,delmy.ahle@hotmail.com,XXXXX,2059
59,7060,deeanna_juhas@gmail.com,XXXXX,2060
60,7061,bpugh@aol.com,XXXXX,2061
61,7062,jamal@vanausdal.org,XXXXX,2062
62,7063,cecily@hollack.org,XXXXX,2063
63,7064,carmelina_lindall@lindall.com,XXXXX,2064
64,7065,maurine_yglesias@yglesias.com,XXXXX,2065
65,7066,tawna@gmail.com,XXXXX,2066
66,7067,penney_weight@aol.com,XXXXX,2067
67,7068,elly_morocco@gmail.com,XXXXX,2068
68,7069,ilene.eroman@hotmail.com,XXXXX,2069
69,7070,vmondella@mondella.com,XXXXX,2070
70,7071,kallie.blackwood@gmail.com,XXXXX,2071
71,7072,johnetta_abdallah@aol.com,XXXXX,2072
72,7073,brhym@rhym.com,XXXXX,2073
73,7074,micaela_rhymes@gmail.com,XXXXX,2074
74,7075,tamar@hotmail.com,XXXXX,2075
75,7076,moon@yahoo.com,XXXXX,2076
76,7077,laurel_reitler@reitler.com,XXXXX,2077
77,7078,delisa.crupi@crupi.com,XXXXX,2078
78,7079,viva.toelkes@gmail.com,XXXXX,2079
79,7080,elza@yahoo.com,XXXXX,2080
80,7081,devorah@hotmail.com,XXXXX,2081
81,7082,timothy_mulqueen@mulqueen.org,XXXXX,2082
82,7083,ahoneywell@honeywell.com,XXXXX,2083
83,7084,dominque.dickerson@dickerson.org,XXXXX,2084
84,7085,lettie_isenhower@yahoo.com,XXXXX,2085
85,7086,mmunns@cox.net,XXXXX,2086
86,7087,stephaine@barfield.com,XXXXX,2087
87,7088,lai.gato@gato.org,XXXXX,2088
88,7089,stephen_emigh@hotmail.com,XXXXX,2089
89,7090,tshields@gmail.com,XXXXX,2090
90,7091,twardrip@cox.net,XXXXX,2091
91,7092,cory.gibes@gmail.com,XXXXX,2092
92,7093,danica_bruschke@gmail.com,XXXXX,2093
93,7094,wilda@cox.net,XXXXX,2094
94,7095,elvera.benimadho@cox.net,XXXXX,2095
95,7096,carma@cox.net,XXXXX,2096
96,7097,malinda.hochard@yahoo.com,XXXXX,2097
97,7098,natalie.fern@hotmail.com,XXXXX,2098
98,7099,lisha@centini.org,XXXXX,2099
